,Y
0,6018.243194551034
1,1258.472084604748
2,575.0859189168718
3,841.0491849441714
4,1913.8391551565533
5,1844.4478629993432
6,2581.771694820933
7,2836.341289982242
8,240.9241880610084
9,4348.892486148188
10,1860.8088301639968
11,1042.4516506792302
12,367.4018338730589
13,829.8065270174957
14,2269.103145806574
15,4559.584004139198
16,2717.1204756754473
17,1193.713790358062
18,1461.1835129703782
19,-367.5744806658249
20,1200.7726019605966
21,2345.547408485046
22,1119.964455044385
23,1062.170441112205
24,630.2020891733632
25,445.5686055819933
26,1235.6701425533488
27,849.4603694526631
28,3813.7163781472022
29,2350.1283603159777
30,1969.7367132409977
31,4163.994081954199
32,2628.1778573608594
33,955.7613972251884
34,1220.5410437742871
35,-49.85250323788205
36,1891.1893301761988
37,-308.1829787295601
38,1912.8492102002388
39,1662.2037563692525
40,-333.0698702813129
41,3970.015231319761
42,818.1075016796262
43,3901.4960786999695
44,397.5061052543192
45,1875.9991163808031
46,740.0495077829314
47,1433.3309683500925
48,1488.9914305889092
49,326.74240974983195
50,2761.769567751107
51,3814.6834624512326
52,1838.0919526785497
53,2806.619205524334
54,1872.3069008934294
55,3029.6755861198058
56,3636.0531479340902
57,4847.570252885758
58,1534.950667207017
59,3746.9373537332845
60,582.5423370901758
61,1888.2116585643057
62,799.2361202046386
63,408.58934451722826
64,4145.595810557757
65,2853.855330212002
66,2150.605692582965
67,1437.1833966523714
68,1385.4823904485024
69,1831.6542716577683
70,1635.464255521239
71,1623.1666425844437
72,257.95230494638645
73,2661.9116083475997
74,1862.8828126380763
75,2248.8605121932874
76,3524.141692894645
77,2718.2826723786234
78,1875.0861571831888
79,845.3918539394135
80,4.52811225865662
81,442.9438200093168
82,3641.6986281241766
83,2841.186969827648
84,2591.2668555653595
85,825.9192989336598
86,2773.9434242459906
87,1872.7178473427743
88,3337.0959949262437
89,3241.4611450913785
90,3882.411496122619
91,3083.7045224956023
92,3623.414344293544
93,3015.789513002292
94,553.2887309780594
95,375.6684363491204
96,2045.7097720014667
97,3329.4844474356846
98,3417.1944698705443
99,413.1410200862392
100,2064.8800368236894
101,2602.0976510664755
102,626.0227111664531
103,2476.50803926205
104,2243.3555724422827
105,515.3991053489522
106,1313.33862314722
107,1574.0605613099383
108,2963.889867939399
109,1140.4503016412277
110,2887.21034478921
111,1943.3697429921235
112,2569.7524477730526
113,2827.3395605784203
114,2818.6362289332305
115,2134.3913338871776
116,2004.7910476476623
117,2592.849590631948
118,2752.063865563982
119,3746.3566670990936
120,3989.4425103640438
121,2133.1561921484285
122,1218.613224064486
123,3007.1516484215613
124,1635.5131716470619
125,4170.902379786929
126,1624.7861839011262
127,1952.4936825976015
128,2480.7877562250765
129,818.6331184808455
130,2785.3713461342236
131,2360.0014929132662
132,4488.8865700310325
133,3181.728245376484
134,6590.183457403762
135,4884.704418642388
136,228.99759217719384
137,4004.623801471081
138,3692.3902557664446
139,-522.8966536048069
140,2890.901576898706
141,2765.8768005595252
142,1406.180304883283
143,2001.7020216082624
144,2616.4279397077266
145,994.8503330138633
146,2505.940263234181
147,2719.8152391098397
148,3067.4798241029716
149,3632.0489064042345
150,875.9025077751112
151,947.0534499998344
152,3674.336207341828
153,2297.4329829249423
154,3172.5527775692285
155,4428.598148730654
156,3749.8725041951952
157,1404.0321086167446
158,2008.8338227418503
159,893.5193951864921
160,2915.2855219610287
161,1560.4012144729954
162,473.0120489195374
163,2906.9926355218136
164,2917.0745298933048
165,747.5066224284114
166,551.042043033433
167,818.3059564152486
168,2883.845012363227
169,5527.660971757388
170,959.9071679113554
171,2851.491100929578
172,1101.6172840399263
173,3197.789058947296
174,381.42518406348836
175,2415.116268490801
176,864.1981053341665
177,1323.045676262545
178,912.3641413114392
179,579.8470188875144
180,750.2546353000648
181,2479.0415644377713
182,2088.721967089072
183,2574.741545972955
184,4629.828232521404
185,3596.0010437886835
186,2802.313019733135
187,1979.2004297205717
188,2226.4795246375866
189,3039.880625865952
190,2746.4863264324217
191,3479.373701849939
192,2411.2019377239944
193,2988.273602673062
194,1730.6480101125103
195,2553.8980849164604
196,725.3301052283337
197,3985.611514826403
198,2804.5751812692747
199,2912.2044080363244
200,2227.8130900639485
201,3137.7323189920257
202,3053.032661602984
203,2488.637906196134
204,1052.9452335395704
205,3525.1630852000494
206,1361.377548603626
207,3895.9166025717755
208,-22.69406058738832
209,2303.09207456418
210,2596.319164161993
211,554.3796229060486
212,1586.16447418695
213,1349.0221543207522
214,2786.3416637851283
215,1132.058086409445
216,1649.5371024596157
217,2895.7153087440706
218,2398.600679054622
219,1312.965757083783
220,1387.232053225896
221,1328.5066015832258
222,2502.5960971281206
223,3162.8362526441056
224,1498.500377139328
225,1582.9400285003471
226,3319.775671302556
227,2960.3165770202945
228,2632.952486226012
229,3187.056933724479
230,1980.982561537489
231,2354.8012697269437
232,1633.9901170112885
233,3080.529375837123
234,228.425519711182
235,3265.8501709169873
236,2439.264752537168
237,2977.580128801075
238,730.6586970051139
239,820.9967123938914
240,1090.9620184685468
241,590.9028260116579
242,2087.213123528892
243,2117.462218570136
244,3909.2369305548204
245,1281.0160351738564
246,342.57793968774877
247,2583.2717949608873
248,4099.436728325969
249,275.44661990430586
250,2122.2661693284213
251,2525.914697554447
252,2921.857159795815
253,2853.2699962757447
254,2654.662907387407
255,1048.0633481157693
256,1678.7878240909454
257,998.7973376004234
258,1794.4750009553059
259,2724.923509305873
260,2601.47067683023
261,5771.497386771731
262,355.94252230267557
263,2564.9116258285508
264,310.7964261396328
265,2772.615317938035
266,-273.5599776619715
267,2607.3537628598974
268,395.1591688669646
269,4184.8267610708735
270,1132.8199385693947
271,2903.281740990697
272,3037.961943446348
273,1025.651646531347
274,2359.197630426412
275,2072.899619127437
276,4105.589108482414
277,293.12611620165126
278,2866.395552406789
279,3457.546209461417
280,3902.0399197395577
281,638.5733814277351
282,1774.2007655199127
283,1987.9910593420595
284,3459.485270193251
285,2518.9153490736485
286,2903.044214440078
287,3546.876030581569
288,1842.6395419489113
289,2267.9883032665707
290,2001.8032775730467
291,987.2847726535206
292,2251.396783660634
293,4369.490522653037
294,1171.2938976117189
295,2267.3756306055316
296,445.44172083968533
297,2184.04224283327
298,1106.4650016191185
299,1668.9332080365289
300,1797.3480569518074
301,2476.103366776321
302,1912.4660503229902
303,397.54583602224056
304,2811.4269412015906
305,1175.689152323785
306,1899.9263296180493
307,2430.184885493925
308,1265.395295915056
309,4549.622292747863
310,1600.7082292309856
311,869.19600522274
312,2740.63326461709
313,1883.305895051934
314,2635.3067650040616
315,497.37992582844754
316,2905.7245332419166
317,2450.4569714390277
318,548.5065311166131
319,3640.6252798573028
320,2085.310833655785
321,768.3147636070739
322,2046.8390286982308
323,3175.970983259456
324,980.9228270720414
325,2947.245482727312
326,1889.1311224235892
327,644.2167255968684
328,1769.0427457322317
329,1786.1667659500058
330,1822.8613143231628
331,3581.173963310853
332,556.4107010102293
333,1632.3598639373008
334,6346.222360230166
335,2611.2678219286886
336,1862.5655289566125
337,4570.305757092254
338,3046.2242460413822
339,1894.9488480420973
340,2916.4923418701615
341,1637.7637914882048
342,3511.2347069751345
343,1958.1697014124125
344,1526.7858794334375
345,500.9154978026704
346,590.5557512970204
347,2875.5735457161213
348,550.4634763145773
349,4147.999693793301
350,3730.3920128471186
351,3513.872998024192
352,1495.250564494208
353,4305.618252561904
354,523.9457993230112
355,3168.6686926425878
356,168.80012223528456
357,1261.0270910652139
358,2278.725873358257
359,2851.859651280703
360,284.3269913744939
361,2652.6913181437826
362,672.5678716979482
363,1841.9307689674674
364,4445.9673341454945
365,1639.4481253690733
366,3659.2123782753993
367,414.9438474307094
368,-416.14683157897116
369,2756.0997670444553
370,2447.008095552364
371,3834.3619269954156
372,2376.3710508485415
373,2460.6518129632927
374,2990.249212275891
375,4647.777208087142
376,2163.109111221744
377,1748.8351119845306
378,1490.7388031119003
379,1930.1256641143468
380,3098.8161398996967
381,1478.0405987116942
382,2331.2834329013526
383,3574.8901794957733
384,2730.2753268090123
385,2419.8576224327176
386,182.40928386505811
387,1071.695476282478
388,955.6581604930338
389,1337.7768809845534
390,4106.16339170979
391,2639.008374978502
392,2778.9766320345466
393,2752.0658973285404
394,1106.4691772115243
395,2586.3901633699666
396,3077.2419542668617
397,3687.267642180837
398,6186.644421994206
399,4491.190216759742
400,-221.75669792291092
401,1444.6839261942227
402,3022.409758571553
403,2162.9716108257167
404,3191.914906053608
405,2033.3941433279747
406,3477.970672511244
407,863.0035430184575
408,3731.1395418182487
409,2729.913295640808
410,6183.945306358168
411,4287.297205850211
412,1824.572401422403
413,1155.2292128815493
414,1778.205766090436
415,90.12483117438842
416,1222.6676189007862
417,1766.0666157633063
418,-20.787899418945926
419,3092.1434441167944
420,3422.8402449302844
421,1711.7053790414834
422,1916.157801041471
423,3177.066336898279
424,1097.0684087880304
425,508.8359535289146
426,746.024149209758
427,2849.978511050666
428,2589.284731674265
429,2987.3919254200923
430,3239.819343892062
431,1567.180088859905
432,1668.1794568322998
433,2336.896807536949
434,2228.594663649556
435,2283.544155318888
436,2402.279891316765
437,1179.2294596285033
438,797.9846776701083
439,1674.3942383225462
440,715.6168881252038
441,1799.15505162195
442,788.4554053652896
443,2498.278291634934
444,4411.747122032353
445,1738.8882232009405
446,2642.7159234397727
447,1960.4031513256118
448,1360.7657612573807
449,2426.4544955571605
450,1774.2121366719407
451,5177.4004369280265
452,2027.2677815379743
453,1725.5870918802561
454,3368.9025619764875
455,1420.3703968530176
456,2992.2331980378826
457,2680.129542652681
458,1208.0371711578514
459,3279.764763513235
460,2568.4493349238733
461,420.54449430259547
462,2907.4801096135047
463,2790.5828605342945
464,2023.5129527781542
465,3074.5513075541207
466,1469.5440093062393
467,2016.9733919837358
468,2227.6662634392774
469,995.0632741457662
470,2819.7134034262185
471,3873.6456743562353
472,3886.094275798952
473,334.4142426324029
474,1223.3229495535466
475,1854.6296275317422
476,1935.821499810078
477,2678.0697428298213
478,825.4092869353499
479,1876.2679208029754
480,1833.9526906233882
481,2606.253264454204
482,3638.720500225731
483,916.7297162371115
484,6836.053427213228
485,1876.5689239768458
486,2648.622498924479
487,1490.620121287477
488,3845.8709632246478
489,694.1055309077069
490,2933.9144204250647
491,1264.9210960127061
492,450.4062171573869
493,3916.4498835822
494,3035.613723205823
495,1209.194036867028
496,2673.764816291105
497,1462.1007339269604
498,841.8970962106182
499,1438.3641174330783
500,2210.364383667384
501,2848.368250312114
502,1152.7088164474394
503,791.3262906513946
504,573.6759536338559
505,4968.375300832926
506,3853.007019160397
507,782.9217248297864
508,1418.27167902251
509,2488.0445192982656
510,2603.795809472785
511,3891.2993522781267
512,2067.538012591273
513,2787.206189818619
514,2442.429298372112
515,1599.340448920199
516,3274.0949519901346
517,510.4666703899179
518,4077.754071545741
519,1989.4964661837998
520,2671.738744943847
521,1678.9543694799409
522,804.6678030358703
523,3225.7330689796213
524,1263.1063814816239
525,3330.1567301495165
526,6179.036928114441
527,1037.239947458418
528,-116.71741262803607
529,1525.951818792198
530,1063.270668318531
531,714.666719722899
532,3129.2017421655605
533,2155.6473262784625
534,1671.972392295666
535,2786.979855217782
536,48.88453694744976
537,4959.370098639969
538,1483.9182401351668
539,3938.185403557932
540,3799.57398047631
541,5975.723179562372
542,2117.9310524735542
543,2882.020938809263
544,1366.2399376700464
545,1982.7835670718164
546,2602.294722189084
547,870.9938836578367
548,1052.8390879825374
549,1804.9914458888602
550,350.2326518534651
551,2371.1578582389825
552,2118.965066135563
553,2841.3767097391014
554,2744.613923172485
555,882.8872284430158
556,69.45134848837961
557,1330.5370140604505
558,968.4019700393046
559,1912.399626826022
560,3231.784040573453
561,2882.9888236278844
562,3678.385480420526
563,3144.3307446990243
564,2544.025536307405
565,423.5184434032558
566,825.5515122391489
567,2563.5826238389614
568,3560.2658382248924
569,3606.3898502278266
570,1936.3742126043421
571,1450.0394515785033
572,1990.292339988417
573,528.6426049408383
574,1865.984721108946
575,4609.197330539968
576,295.06978192548695
577,1581.52196312953
578,1568.895857086835
579,35.67194908428155
580,2418.6116495320425
581,235.71342386684
582,1106.1462130458526
583,2185.5278202575214
584,663.8405043257476
585,1845.5660170565193
586,2108.661156195622
587,-13.353437528836821
588,1556.1679896198107
589,2644.016745020021
590,2222.7553806790143
591,136.1770851619217
592,457.5530786055165
593,1895.0698674340515
594,2548.222184090339
595,1674.5040939108062
596,2217.5217529828847
597,1343.1106502813623
598,1692.0390229708814
599,3443.2332810037083
600,567.5669215336197
601,2301.130233543425
602,3019.2061245777227
603,1579.5092245162946
604,1258.417273116806
605,993.7698858670851
606,4996.695840091999
607,3828.0928966924726
608,1743.1109331333814
609,2431.6909823135725
610,979.7380667306297
611,-206.58771623676967
612,3379.691652619142
613,1722.5220724211927
614,829.9940684998355
615,3233.327316399346
616,2341.1462987499804
617,2031.0386227529184
618,2687.974099495506
619,3289.094493757872
620,1923.069298826064
621,2217.865156234772
622,189.29039914007262
623,1791.460847698891
624,2647.8997482612144
625,1311.984815239995
626,3034.9475964056387
627,584.0661715073529
628,3725.850913224485
629,2565.415924373378
630,22.320799837138566
631,57.98612880719065
632,6714.553269572041
633,1990.0055211152717
634,626.3524411686931
635,1442.1910011822652
636,545.8975451996253
637,2967.688741369045
638,1266.8598767242443
639,2191.2109286943164
640,5475.878569139693
641,550.3488995615257
642,886.2833521148937
643,2324.151283656462
644,-410.5165887422422
645,2757.7267370607465
646,862.5242755390077
647,445.70430202500074
648,1276.6903639443176
649,2082.9500036914083
650,1223.0380528437113
651,1592.791375552722
652,1899.356985577228
653,1908.5027949532719
654,3353.1487326061692
655,3094.8684569725788
656,935.9664321136192
657,786.6219165225098
658,31.673468335675807
659,4263.621376212333
660,3185.6394269774923
661,2526.2221907453372
662,275.28451670524873
663,354.1438025900866
664,3073.9393344537953
665,2709.806755225966
666,3108.417871336517
667,1402.1522304640716
668,2013.0627583643286
669,1993.3067924776965
670,620.1347054454504
671,790.7256578814136
672,2971.7175313216426
673,4372.785767105186
674,452.7250413461793
675,1803.1880729080262
676,1638.1896487789304
677,2569.2889711689263
678,210.75864543763237
679,4867.48660187574
680,4012.718868256278
681,2345.4659815853915
682,4173.7114134056865
683,4267.392888472406
684,-12.007298936486222
685,422.0848045439061
686,1445.7426216062536
687,2879.6485089963685
688,4677.6350737404955
689,1102.692568413941
690,1306.0506383285906
691,1559.2982993752362
692,2520.77549549452
693,2003.7875177689498
694,1914.2547050934704
695,1522.4251660198256
696,6565.47783704689
697,3567.101856081496
698,942.464172605898
699,917.1328955936783
700,1655.1726251440855
701,2188.538543212919
702,736.4184065590266
703,1512.0871556242496
704,577.6415423036296
705,2864.0281824249946
706,1887.7924508409774
707,2956.3059665176393
708,2546.903255747106
709,4027.0092231566655
710,971.2493423883807
711,2165.187142260455
712,2232.673346692371
713,1660.0275730235212
714,2952.372968901957
715,675.5096725109129
716,814.9594872244634
717,2684.8305560474305
718,1980.3596789667413
719,2217.471991957514
720,1523.6100598094322
721,2106.3877650728705
722,3712.526324954157
723,3819.192115112752
724,2047.2643939575705
725,4623.206552625621
726,3207.844898189745
727,1933.5863826538257
728,541.4222156050137
729,3285.164503753615
730,2576.6031008191007
731,2537.143769027772
732,2418.6823225241465
733,1253.4885588753746
734,1142.1861403438675
735,613.7629449823821
736,2066.7220682444154
737,2448.8800199818775
738,3017.9365654692288
739,2169.300699503085
740,1094.7303530121812
741,1769.1823257423662
742,3316.4488877562994
743,370.66179153647363
744,2114.9524620270827
745,2948.968654950622
746,2006.441060963049
747,225.0890514633238
748,2620.939806542429
749,2983.6116373898135
750,3263.7707227586584
751,1580.3322238340702
752,2547.149800451641
753,3880.5113678035127
754,1022.1370933562348
755,1244.095090223254
756,1507.647788692701
757,2719.7949377356404
758,1520.6201519229894
759,1849.7925459590174
760,1840.8776327680603
761,5133.825005080276
762,1940.2627028944303
763,5671.272861511778
764,2896.0821215464925
765,3723.8388104184837
766,2734.7540466847827
767,1613.5970975488094
768,2640.013346149108
769,5588.776304782599
770,3203.9572819755826
771,3146.6037388694763
772,2188.1902675820716
773,1652.5471902277736
774,401.36078858282644
775,4490.116382355272
776,1111.4113158858504
777,3212.409121617164
778,2238.324338921098
779,-371.756298134007
780,3272.7506647418163
781,947.6953113475879
782,3502.082714390865
783,2868.2522547708018
784,1452.4832164993263
785,1166.0721922361822
786,394.46784752990516
787,4254.8849106916205
788,2086.9004166515083
789,2909.9789012803817
790,1747.745719257217
791,3928.2506281107367
792,2623.648623417794
793,1730.5406305459114
794,2410.6085585647893
795,1320.9462499950428
796,4638.504823526644
797,1717.24868699841
798,204.78097453218788
799,3507.0976212689643
800,1342.4457481098893
801,1143.2789940588177
802,1025.9872523640643
803,2344.2527627161085
804,1330.611725481956
805,533.7455442015848
806,3811.1016657208033
807,2913.929523889488
808,688.6580940030312
809,3731.3723235698476
810,3468.1838879372867
811,-155.3524786792873
812,3136.842372531511
813,2316.9534255828607
814,874.7657957216325
815,2718.3923164509547
816,2873.3644174556807
817,2131.047335439877
818,3738.1423552893452
819,3144.2510688124707
820,1998.7935002473127
821,5103.041856390968
822,2741.19014221065
823,2734.893642686597
824,1200.927419051372
825,1917.2281133545107
826,2181.477843954812
827,3405.23822829722
828,843.1518804079446
829,6647.8567745262135
830,1472.971688516633
831,293.41410538058244
832,1724.9614661271467
833,188.09963243710126
834,558.7483648903385
835,2168.9116475730766
836,-352.61171084767557
837,4532.701339549463
838,3100.434540025372
839,2369.2445431379533
840,3606.02765328128
841,1072.2922133380862
842,3369.7081179557313
843,2180.8546024793854
844,2731.8599134113606
845,3505.138669765845
846,4684.983639444585
847,2627.2561981721196
848,2981.9335256200834
849,135.98496610634038
850,1992.975694902771
851,1325.0200665796415
852,2137.183740338802
853,1796.9542150590528
854,3349.117812770715
855,-440.65577539878905
856,4385.020956207998
857,1618.4702386729427
858,2926.9601841902336
859,5162.402042100202
860,2727.327554416885
861,2539.6426052335887
862,-182.59063751802205
863,2588.1019776249627
864,3530.7529176179664
865,90.97530704915016
866,1697.157350421377
867,815.8030400087441
868,4002.1890855649403
869,-368.9089167293473
870,1620.006314486664
871,-463.8957898996023
872,2175.737010625359
873,2044.6559211214012
874,338.4038187836709
875,587.8820117626938
876,3603.2267231257015
877,2252.233633447008
878,3472.1176054523016
879,3020.653578463551
880,2219.0488096523463
881,1668.009635071527
882,287.85452772653525
883,-183.80035804977751
884,3374.857559180386
885,1700.4104683653663
886,6497.945061576102
887,2543.514744052079
888,276.30552253883116
889,1705.8280666530823
890,2512.28361851779
891,326.4131717988689
892,1061.1583299859271
893,3749.5163078544724
894,1201.376708217795
895,1183.9939611435698
896,2930.1395872513917
897,2208.0632212097066
898,3256.319518178169
899,3174.719769517044
900,2993.260269295623
901,4055.73266079048
902,2799.586774751337
903,357.3580167999139
904,2547.917915981216
905,3706.160116994664
906,4750.650366968272
907,3355.517838038258
908,3587.656648388535
909,563.6324944836269
910,3678.566629240317
911,1306.647290452293
912,3826.82672185156
913,1854.6355366503808
914,2070.8232618282896
915,2591.3917889796635
916,1785.32114976419
917,1984.3907736297328
918,3487.0640085485043
919,3591.6318250670743
920,1289.561090803883
921,767.9415719846329
922,566.425262499652
923,3832.010114349758
924,1278.993614464795
925,3434.5595144546837
926,-32.09522422425607
927,2455.8856942052776
928,1957.9735286328546
929,2486.543639359815
930,981.340935255249
931,3135.165922900253
932,3969.0452232665016
933,916.8994479563285
934,4181.16314374144
935,645.9076963334301
936,5484.076412503135
937,2604.695801759946
938,2530.0687687051545
939,1313.903799170083
940,1978.8038134480362
941,3515.571381417532
942,1263.7866311812727
943,1868.728662842183
944,2853.2007563797893
945,4920.09389834323
946,3331.14585384296
947,-478.21471939474395
948,320.12314492505766
949,1576.1370982416233
950,-88.32574074132435
951,986.2685819912717
952,458.40747799195606
953,-323.47926124520745
954,2421.6715001208945
955,948.978018691992
956,1473.326405491995
957,2647.9213311720964
958,429.07642039609027
959,977.2587288911132
960,2516.2787271277434
961,2445.7575819498275
962,2583.922926441844
963,1345.9716980461512
964,1436.4889716369676
965,1983.5234038710455
966,365.848670492584
967,2502.990523215049
968,1240.8099753676784
969,799.438179150186
970,1372.154926992815
971,818.4104635116173
972,2874.9084013290817
973,2768.7632731805465
974,4103.260447920207
975,959.2883104200646
976,758.2547430756954
977,2734.783527918917
978,1105.474452861023
979,-550.782051920602
980,4915.58279351871
981,2572.983664594069
982,4159.063441521323
983,226.10512875800077
984,1134.5729251505923
985,2508.3267992307133
986,-508.6810479959822
987,3252.127624553897
988,1972.7353436631352
989,1026.3608826547156
990,2536.4881813797415
991,2043.674207550394
992,1178.9284150731305
993,4086.1872018404506
994,5635.61923271942
995,2720.6600011238247
996,471.73846977216226
997,507.3302436691688
998,2629.523330126058
999,2625.8271828731727
1000,1593.5511548422378
1001,3572.6018911135193
1002,4500.093856302168
1003,43.06348868776013
1004,2486.1965437103304
1005,447.589268454115
1006,4203.46186379909
1007,1509.7040249809147
1008,3549.1909871987123
1009,2226.078074271262
1010,2285.663483579365
1011,2803.6343168381977
1012,2200.1443046894096
1013,2875.064619113958
1014,4041.436346793899
1015,2083.215667858815
1016,5978.084519471582
1017,2521.0404698118396
1018,971.29013931691
1019,2009.2897040255743
1020,2572.4436841027496
1021,2527.516445933345
1022,1881.6863316771837
1023,3180.967521442751
1024,2966.5731834951644
1025,3577.3833768466325
1026,4245.820684423203
1027,1377.5671097851177
1028,1955.508410051813
1029,786.8500734903314
1030,219.90368284145507
1031,438.7021977439449
1032,132.20508045203178
1033,2166.7435679675095
1034,1666.2952195809216
1035,3086.619971594741
1036,3874.594676576065
1037,1649.0911121153326
1038,2966.439387262069
1039,4238.403178004664
1040,1993.8167587178318
1041,2586.973568572111
1042,3335.1091463743564
1043,2272.3647168273314
1044,2722.1042489260676
1045,4114.550308894326
1046,2015.6358480056301
1047,983.2667905777043
1048,1591.5654241532907
1049,3150.5357340157357
1050,2297.033587904513
1051,1038.5288220943607
1052,4286.016115752525
1053,2147.982979279805
1054,2320.60560851491
1055,2662.90462379883
1056,3112.9641344176403
1057,2680.4978103283206
1058,4454.4598602000315
1059,645.856987636153
1060,3516.997050880777
1061,323.21301319752047
1062,2952.247929268959
1063,3173.2827846664663
1064,3420.08846771872
1065,3267.2875748731335
1066,2365.0723121000788
1067,2606.25622959537
1068,2092.386924317248
1069,3956.5053391988963
1070,5730.037469687
1071,2750.9204075457887
1072,127.59523147947857
1073,4504.741983878213
1074,820.4561872344125
1075,3161.701303105429
1076,3772.3270301674315
1077,567.1637232419175
1078,2379.465249877267
1079,3576.5189352799957
1080,2597.93677538162
1081,674.1559696433405
1082,2703.2829000683428
1083,960.8951058424805
1084,1325.0710452359785
1085,3847.2673463979013
1086,894.4754200784096
1087,2981.0883772824486
1088,553.9153768209862
1089,787.8408521548358
1090,1003.0847484602132
1091,2139.3501699092963
1092,1825.4398803377885
1093,1142.5301121747657
1094,920.3006154037066
1095,3427.3256428795207
1096,1449.039246354209
1097,2730.386483260309
1098,2441.0167959425985
1099,2777.034237620583
1100,1790.4657484361892
1101,2963.2606606942068
1102,2716.581507028875
1103,1996.5621469642706
1104,501.24618106565913
1105,756.4771748759076
1106,1912.670659687807
1107,943.7816863125186
1108,1847.0098928929988
1109,3847.13837324152
1110,3367.1144615979415
1111,2380.900761792646
1112,1664.5694900764433
1113,2352.174421039243
1114,3091.2894788607014
1115,-73.68325504260201
1116,3148.613321975035
1117,3785.902231140982
1118,4041.5180218549344
1119,-96.59013688327104
1120,1357.940560807307
1121,101.9980526768145
1122,455.4902869430034
1123,376.4432119498633
1124,2813.6524291266037
1125,1343.7228111467107
1126,896.4522509963431
1127,1651.4152004852772
1128,2016.9788895833585
1129,1133.7865516955976
1130,460.8682626223231
1131,1563.5013725466638
1132,2922.433113473197
1133,67.48078807692946
1134,1541.1773295724893
1135,3002.8938066941223
1136,1547.1339746294693
1137,1140.3928726312784
1138,947.3794879751476
1139,1806.4139178797009
1140,667.8734152435104
1141,1067.5589236055098
1142,2317.8604355753773
1143,414.05817513444845
1144,4980.598353705429
1145,2036.589726059376
1146,1710.830575535842
1147,1450.522562143074
1148,-9.572429560597811
1149,6425.1985323977515
1150,3593.2945578269587
1151,2580.921367175821
1152,93.76657867029417
1153,3173.7358935895095
1154,3322.3321252836045
1155,1353.837473535525
1156,2845.419637266267
1157,2195.429680518641
1158,3907.1009877932106
1159,1660.9700449131765
1160,1335.7587110152313
1161,878.3185612658476
1162,2636.5362609175777
1163,3858.8109946463596
1164,5515.572876605573
1165,666.1186409681618
1166,499.05991592505734
1167,1457.3780805627134
1168,241.75676889114175
1169,1193.6910575758652
1170,1378.3167471247948
1171,4877.018715992861
1172,4142.114926887356
1173,2590.5543643981987
1174,1395.0275068611995
1175,2993.1804057168524
1176,2625.8285874338085
1177,1455.684210585378
1178,3660.265731000875
1179,3155.9851992372037
1180,1954.31450968924
1181,1596.2854606870274
1182,4698.453036803821
1183,2991.01572134358
1184,1278.8726446126261
1185,2689.4797264836548
1186,4505.339567160139
1187,3393.4500862588034
1188,6190.39272802678
1189,856.7274691919561
1190,1801.154372662159
1191,6404.20109712966
1192,1720.6037416486001
1193,1823.68687513739
1194,1018.3971045183393
1195,3268.461650742152
1196,1385.0228392215927
1197,2169.706295485729
1198,2433.744439020896
1199,2125.8220303822714
1200,2872.3384011897056
1201,1878.0394155355193
1202,3355.9781280870116
1203,4635.464991275247
1204,3502.107439126416
1205,2226.174620363859
1206,412.77041553241406
1207,3376.795593402903
1208,1129.9853097216678
1209,2036.2020430213793
1210,1408.4715852998102
1211,1987.5902202237116
1212,4187.404014050468
1213,4246.308994359335
1214,712.9134773733813
1215,170.28200908934514
1216,581.2340886328534
1217,90.9782929453936
1218,1247.7021877334323
1219,1827.8052959561942
1220,4287.057740738965
1221,1153.7473613832285
1222,3386.029823554228
1223,2688.0002555294673
1224,2802.963834983588
1225,3091.170436513685
1226,1705.9966589707842
1227,721.1815319900356
1228,2035.8659032811734
1229,2357.839501272209
1230,2475.9085423344127
1231,1103.220570909511
1232,4263.233617143787
1233,910.7005860433555
1234,2195.624785883006
1235,1865.5086697680204
1236,4638.856232298027
1237,1077.0237067782323
1238,3122.104720378599
1239,2228.3321004902086
1240,705.533285307783
1241,2809.97081541508
1242,1391.4417178382096
1243,2152.542021656845
1244,874.8509577487816
1245,656.1341070902322
1246,1799.3960524360114
1247,2141.9599384968
1248,1752.635259447176
1249,2472.813201570218
1250,73.21627241654778
1251,3816.3685138095375
1252,4305.426745814166
1253,1416.8371605033722
1254,2798.2523873364657
1255,2569.782186481964
1256,3339.804208586312
1257,3318.4523571568357
1258,2843.335345752574
1259,2442.7511057720353
1260,3193.3985454069393
1261,3908.805098425862
1262,3567.5975898644597
1263,1386.4434522270253
1264,2371.6404198923105
1265,851.015132926299
1266,3118.938025314858
1267,3420.616181525728
1268,2504.710100907159
1269,2192.144267280614
1270,1726.187534837773
1271,1354.9983629724734
1272,2418.023224526965
1273,162.37074067430922
1274,1894.9794475768372
1275,2482.342405040325
1276,1675.9361846212864
1277,726.7026710653704
1278,442.2898594709759
1279,3737.323298981623
1280,1529.004199278707
1281,1020.5378390469355
1282,847.9512739275574
1283,3161.085041163706
1284,4252.8582037374545
1285,1853.9193370394528
1286,922.3518141613145
1287,1017.0847290472793
1288,3264.8836864245045
1289,1702.01192282879
1290,1944.9825010851587
1291,3124.4928445768824
1292,1413.354872845443
1293,255.74545499638816
1294,1627.4853398943037
1295,2577.8287499307594
1296,1734.9743033411119
1297,4109.653676235797
1298,1662.8749098395715
1299,2763.0303205333826
1300,2468.947833509003
1301,2817.4471970538775
1302,4820.342858013546
1303,2091.425770860255
1304,996.0778301078976
1305,487.5256495827475
1306,912.210077753804
1307,930.7563019264776
1308,2234.133107482077
1309,91.73075700752224
1310,4399.30521860706
1311,1629.1247662531846
1312,1241.829741996978
1313,1646.320120125842
1314,1758.2425898155584
1315,1188.4146325241659
1316,1379.6497042540382
1317,2854.1247301847047
1318,101.25604795262507
1319,2925.554737111704
1320,2871.098414448012
1321,2574.7062417517377
1322,3404.5453378420502
1323,3595.782286219625
1324,755.6514818198334
1325,2578.169021730568
1326,2860.628467107728
1327,2577.171933163953
1328,730.9618544327654
1329,1063.1005625777193
1330,1729.1128306339374
1331,3196.847058544034
1332,369.8325565630389
1333,492.96718639011806
1334,1660.8333952742855
1335,2055.5825268631193
1336,2704.7695241310134
1337,2391.7021606441426
1338,5180.366211365952
1339,4105.87241906467
1340,2296.6684077029527
1341,2786.542038148202
1342,1147.4904415573542
1343,4771.8538148922125
1344,6011.355297877304
1345,921.7543656987536
1346,2139.2759387709543
1347,2064.083656286765
1348,4310.632120377339
1349,1070.3369824337697
1350,3277.9910929412804
1351,901.4451394124285
1352,1539.4307145491225
1353,88.76494749896483
1354,1204.4596849298855
1355,-152.79914325625077
1356,1364.3247974919072
1357,2965.331054081055
1358,2119.410808459121
1359,2188.914492608477
1360,3724.9752290287975
1361,2866.360024658296
1362,273.55655235031145
1363,941.9576580039688
1364,2398.2436418859747
1365,819.7429822844538
1366,1635.1951908086344
1367,3184.4668758710927
1368,1005.6087641680019
1369,1427.2746604574063
1370,2661.2746156066864
1371,2764.4450520901178
1372,780.4738924099101
1373,1006.8816382475102
1374,2204.862374624489
1375,1513.9434780211345
1376,2100.174201950868
1377,3097.533266241106
1378,3633.4898434276297
1379,700.0630644708795
1380,3188.224817716238
1381,3181.4668632166963
1382,2592.901424548603
1383,613.5274928075501
1384,3013.4856841067017
1385,2695.129488210309
1386,226.0437145441665
1387,606.4907265977045
1388,-89.98180536661312
1389,122.45269450030219
1390,-124.78411881657257
1391,490.3381637491261
1392,2736.6858741904366
1393,4012.5018883064545
1394,2190.7167212768513
1395,-225.8599367990223
1396,1261.0954466912667
1397,3392.9632269521785
1398,1272.0018269609486
1399,1717.434132136596
1400,1536.353522225039
1401,674.4246751672495
1402,1198.5994904037548
1403,1281.3120362652485
1404,4303.211235962326
1405,2460.105255780391
1406,3603.1252679324894
1407,3866.9067774094115
1408,4769.38073412833
1409,2479.784504386768
1410,1343.5068328159236
1411,2423.482648506301
1412,1905.2514976316365
1413,1032.4740986820161
1414,1879.6522040717332
1415,3412.9024269101315
1416,-12.001670852084771
1417,1796.1723743024272
1418,3182.282978823801
1419,2282.468027320398
1420,3373.575864785113
1421,3393.6514898442915
1422,1424.8135890420294
1423,2705.064521471422
1424,1197.8202201934105
1425,1359.4080915976924
1426,1125.3291675933074
1427,1081.0544183361994
1428,1515.1613803313162
1429,1258.78124447868
1430,2234.2782090241176
1431,2131.8630512383693
1432,342.8101543279822
1433,3071.83941042571
1434,3100.4916195081937
1435,5061.68227822096
1436,2104.1712682617294
1437,2145.0888317818903
1438,1508.4849198899478
1439,2686.9927947646797
1440,2281.7600520845194
1441,2532.8478665588923
1442,451.7626794692592
1443,666.2142316637078
1444,962.3088510899133
1445,1679.4423163824417
1446,4361.170503705887
1447,3079.533672582916
1448,723.6420920593587
1449,2304.5121348575053
1450,2508.5908379111747
1451,4553.415827352181
1452,1502.0474581088888
1453,1050.1466300654279
1454,1644.010213395553
1455,2997.774927156612
1456,362.7470044633251
1457,5090.492093586441
1458,927.4641673333035
1459,3793.70417348446
1460,2344.420253859322
1461,1777.5448007092923
1462,2737.49385512501
1463,3262.512259412472
1464,2421.388576541493
1465,2559.3394770569216
1466,-18.03873317081934
1467,2242.849277150505
1468,3646.9225253202835
1469,2852.4013729704207
1470,155.5506713079385
1471,1999.3654625269633
1472,2244.927940806843
1473,2537.985813605465
1474,1607.7194212320524
1475,2226.3899222587584
1476,1651.9226130924721
1477,-32.405878216231486
1478,1241.4932593786184
1479,2593.123920137056
1480,3183.4909658008223
1481,1735.0418290129414
1482,1686.2943787090949
1483,2975.920135742143
1484,3546.5493303845474
1485,1997.268231555005
1486,1510.5910690326232
1487,2485.4555609210033
1488,1202.9842888860362
1489,870.4802675798865
1490,393.29730859346137
1491,2798.516383647688
1492,1086.4509760842288
1493,1434.0311782218637
1494,3811.605895718762
1495,1303.8904031873758
1496,3296.7333764099517
1497,1298.3435817226186
1498,344.70971617245414
1499,-108.383912860907
1500,2586.04168454866
1501,332.2316264391925
1502,2122.5601985771586
1503,1154.0006551659021
1504,80.01589288107562
1505,1641.9698081934598
1506,2612.4248483588403
1507,2940.570766710903
1508,731.0101257115662
1509,3300.6245070550626
1510,2937.7475488090317
1511,2507.032429327703
1512,1958.8522894254406
1513,3296.1361043431784
1514,3482.4455974892794
1515,976.6015935578421
1516,2844.1984518003524
1517,1763.8510312310577
1518,3708.3953481046487
1519,1289.15728931469
1520,2111.2550879145624
1521,2857.1858478192003
1522,4083.4560496940962
1523,2597.219310641374
1524,2265.495998591678
1525,4228.9640401350025
1526,2668.7264335245086
1527,2401.1892015668104
1528,2417.4920336055643
1529,3162.713222050416
1530,446.4312251193119
1531,1770.2102999658514
1532,4304.436588987706
1533,2892.1956460027527
1534,1040.3406538868971
1535,3598.8016435890727
1536,5590.812895826495
1537,557.2172975476974
1538,2999.2533774731296
1539,5939.727648409336
1540,161.94149182918818
1541,3844.890069074579
1542,1172.4976849871387
1543,4715.718093983352
1544,3536.220145270933
1545,3963.5658325835416
1546,2681.3235619465236
1547,1730.7974762039235
1548,787.252847371125
1549,923.8011517303385
1550,1698.112779564985
1551,4038.6776084467233
1552,3224.6983869243963
1553,1369.8780083049683
1554,-122.53879701222695
1555,3781.8834703240577
1556,4170.393465355319
1557,3023.474877280974
1558,-303.2234157013454
1559,2842.694782325569
1560,2708.1317214176183
1561,940.5718952291663
1562,4775.8734576390125
1563,1687.964713484222
1564,670.5884946622368
1565,740.0892202894952
1566,978.957482971728
1567,954.8503515799102
1568,777.9506423784719
1569,505.93715919617716
1570,293.3276808212918
1571,784.1507614665193
1572,2350.8906108355172
1573,2254.1044347611055
1574,2961.5840202444765
1575,4193.1801970541255
1576,3233.34477742452
1577,2065.9109339660877
1578,3282.798660289473
1579,1431.445995921364
1580,708.7252086940157
1581,-102.96225236604732
1582,2887.61981694166
1583,1777.391916206167
1584,3641.384094743247
1585,-431.8287571281321
1586,4326.935373564314
1587,1683.985692472192
1588,1851.0560732194403
1589,1861.7473783499786
1590,2257.601472036417
1591,3212.4867752906944
1592,4691.485111926611
1593,1877.444017283064
1594,80.36788113442299
1595,4783.183874851231
1596,3159.985467139925
1597,4917.10024396203
1598,1040.3695545402816
1599,466.9294682439545
1600,1152.4788262462966
1601,1219.7839157278254
1602,39.04297666444563
1603,330.07500810514193
1604,1636.9941572900466
1605,832.8283572345599
1606,3697.4997874806736
1607,2607.949966171402
1608,2621.6138227570978
1609,6651.986402410917
1610,237.07159305109417
1611,2952.5748384081403
1612,-604.450610230148
1613,2892.859698832192
1614,1461.578408626529
1615,1141.4346397640406
1616,2444.0006663814024
1617,2375.1801102696677
1618,759.3559504731898
1619,2593.2910719779206
1620,4510.223179506702
1621,2532.4797512570626
1622,638.0365860126917
1623,1244.044135950246
1624,2425.1491744032633
1625,2161.024110946792
1626,455.2831769066911
1627,2189.9046304359467
1628,3238.9368397906196
1629,1399.8164518895524
1630,1658.7832669448421
1631,934.772906519443
1632,-31.134745025030952
1633,808.9557177075126
1634,2720.1309059376986
1635,3972.6336001976165
1636,782.6177182495171
1637,816.3525245919132
1638,1529.1696379787595
1639,173.43131038420552
1640,1250.4604274254702
1641,-254.28664476778204
1642,1729.9801688910998
1643,3115.997659106994
1644,1047.7578540588206
1645,1488.645420530655
1646,716.5964212116605
1647,1604.0145042611407
1648,1612.4266091058012
1649,326.08260884320316
1650,3366.8661755709286
1651,3881.304833067264
1652,1006.508558092864
1653,736.9754576185537
1654,2240.414040680607
1655,1468.3011793949004
1656,357.8931605644884
1657,1498.8839889623418
1658,1196.5783866713577
1659,2385.33292818949
1660,1029.963320279343
1661,1732.3081888710226
1662,4230.798324461384
1663,3084.1829676290768
1664,3173.9328446723425
1665,1005.010190923083
1666,4206.405851134619
1667,2603.977248428029
1668,3679.648436720369
1669,2411.425496290081
1670,1444.7788062369468
1671,773.3927078558522
1672,1940.7644381210853
1673,2862.9351812192713
1674,647.5691108520623
1675,4578.789404334575
1676,1968.308845228999
1677,3638.200007416943
1678,1603.3067315800095
1679,1930.0848352707003
1680,1540.142068029901
1681,922.783932194533
1682,1164.7004034500546
1683,1822.9725642421931
1684,3324.215506487238
1685,3812.8175384281753
1686,3003.211019073175
1687,1621.0880506446433
1688,3481.5102010119067
1689,390.4717184541346
1690,4998.161000491144
1691,565.2597089838077
1692,2369.029914639698
1693,2088.384628506263
1694,3708.2002440981382
1695,2378.3277018530966
1696,1972.1959838336866
1697,2893.4917628437365
1698,1175.1545153702014
1699,1132.9512461554227
1700,1607.349582327201
1701,4781.968044165002
1702,736.5692848856224
1703,539.559271368465
1704,2180.0422153409595
1705,3600.4785452046376
1706,760.017326095483
1707,583.6503998684339
1708,4410.322174187158
1709,1118.4893813182448
1710,172.92846954570223
1711,2860.748732568892
1712,2447.3110488583493
1713,454.711491127277
1714,2653.0915956583835
1715,2410.019144984071
1716,1817.914306799716
1717,2759.437092745959
1718,2871.1424990083883
1719,2054.695229864625
1720,831.784810172694
1721,328.7214791416113
1722,1834.799090042034
1723,3096.404618051593
1724,3061.1572117865894
1725,2210.1749262542603
1726,2571.80001562621
1727,2955.5319556700156
1728,1611.8055298333807
1729,2751.4263913865693
1730,-75.24503590069571
1731,1406.1732670268434
1732,3946.6798887233313
1733,103.36844214843268
1734,-568.6107830617534
1735,4805.778144823415
1736,1687.1567619088605
1737,5799.896228540691
1738,2643.797923546936
1739,1603.4972394016527
1740,4142.858281402807
1741,2320.6485983341104
1742,468.197182247653
1743,2941.3244722745717
1744,789.6945596597311
1745,3326.4886837723084
1746,1634.4989146116945
1747,1810.5217107482763
1748,789.6788388173004
1749,2675.6412896996885
1750,725.6456240395942
1751,1314.552572513871
1752,5491.579613515916
1753,533.2724340900572
1754,746.8801114803541
1755,2421.2017358201906
1756,2803.2515460997215
1757,2643.445345876877
1758,2383.2117759882362
1759,953.7692946774341
1760,647.2854667498973
1761,1218.5106230744927
1762,1138.2804150804482
1763,-556.0195528221293
1764,1163.6399970325087
1765,2157.17380378977
1766,1980.3891178358112
1767,1516.1245281038323
1768,1513.587592886705
1769,542.2161210458858
1770,2011.2956368624004
1771,3032.2440673520173
1772,2262.6438734835106
1773,2663.663260565248
1774,1564.4457683831138
1775,3160.9406172069207
1776,3926.177682105858
1777,0.2180833651550529
1778,2151.92162326269
1779,1335.7268130928646
1780,5831.738514971023
1781,2874.2060041098207
1782,3080.8262371424603
1783,2621.302505348964
1784,2213.9712424289833
1785,2604.494430176001
1786,917.0968321352907
1787,2864.283469491263
1788,4062.2128751615132
1789,923.6551571528257
1790,3283.3001627844883
1791,2138.0788351093693
1792,1255.6523423067779
1793,1590.7482110096485
1794,2309.3359657805636
1795,644.7002059293013
1796,3276.8506914082395
1797,804.6999279553688
1798,882.6911125574084
1799,3821.8572386935207
1800,893.0155870583067
1801,2796.9813114371714
1802,2636.085829674176
1803,6674.277539364302
1804,750.1810073817865
1805,3492.701907859088
1806,2630.8696932347143
1807,-265.88792728406725
1808,1624.2774592695064
1809,870.1709109690764
1810,1824.2122653919018
1811,2431.5832669848755
1812,697.470375562209
1813,-286.95382045274437
1814,2065.7356100832644
1815,-37.305451714035826
1816,4897.282914420872
1817,4106.737957615102
1818,1094.1707680443046
1819,1619.8143507502232
1820,1411.2314377261614
1821,1992.856210155613
1822,1143.7637556387367
1823,1187.126229455435
1824,2396.7695117485596
1825,1849.3746241989252
1826,4635.598569230879
1827,831.6846951158223
1828,614.5157708652719
1829,6068.290592170082
1830,2496.0633692503584
1831,3082.6679201741194
1832,168.09145894355197
1833,3293.332707688734
1834,1487.5943313504863
1835,-50.24561566073953
1836,1498.696374850248
1837,2240.7412538171743
1838,2691.8710408831125
1839,3906.37682194375
1840,1185.313377628277
1841,2508.621591933859
1842,664.6454410593487
1843,4067.987093906208
1844,1234.5257262684504
1845,1895.0131929961776
1846,994.612780081377
1847,2650.728502318007
1848,1955.3302092862127
1849,3257.9535636440246
1850,1922.0481069469092
1851,2189.951250786547
1852,1429.3664916161747
1853,6050.668223670449
1854,2559.393401728928
1855,2513.028973588191
1856,4801.957046198957
1857,1776.6151544657955
1858,762.1284009931387
1859,565.023818606694
1860,1959.2969165550016
1861,-443.2960941837305
1862,1834.8874935736053
1863,1719.5422802240478
1864,2740.5701762356607
1865,2649.8629723290373
1866,225.20448223394533
1867,1021.186931572347
1868,1963.7620446355236
1869,2930.646815810194
1870,2425.4606511668576
1871,1168.8651837201637
1872,1636.0435199453445
1873,77.96343125049725
1874,2572.85687271049
1875,6671.420193751765
1876,2422.1490398557567
1877,1173.3613055945038
1878,2313.7957395090675
1879,1933.3745697761155
1880,2205.290628880421
1881,548.8351752988019
1882,2693.5746761942905
1883,1601.118137447917
1884,1154.5593398101514
1885,503.6247178937838
1886,1707.9567606928154
1887,809.3125077512113
1888,2723.106978614022
1889,409.4433960423671
1890,1529.0155886541502
1891,4928.775479077192
1892,3719.1963314060163
1893,1835.9385073221142
1894,1144.6318871150502
1895,4463.739587944419
1896,2408.0541639362714
1897,968.1137209448921
1898,956.2420283633332
1899,592.1527101883516
1900,3518.3079153123513
1901,2549.61253893402
1902,2828.38210479284
1903,1747.5770338735379
1904,3307.6829321156897
1905,4141.119120685085
1906,799.3027034638858
1907,3617.434654651483
1908,871.9924053714553
1909,3664.0413760556535
1910,2584.487001833782
1911,1841.105696094754
1912,1873.0522354343761
1913,3133.4655741691217
1914,1366.1464021282404
1915,1464.5065261982068
1916,1465.1439359429628
1917,1256.0973361766469
1918,1616.1719756270163
1919,1857.015001722541
1920,3223.0086782874027
1921,789.0078591194892
1922,1378.307248853726
1923,694.0339507507865
1924,727.0849218430749
1925,2621.038086715537
1926,2496.1942404671377
1927,3641.071606208657
1928,1968.0790890366902
1929,2798.4581953078173
1930,6598.0269984546485
1931,1016.5986981096403
1932,156.04651801835826
1933,1082.4061719473389
1934,1877.3279915544576
1935,878.623342932377
1936,3635.2944259547
1937,2732.1070172498016
1938,2155.575593309089
1939,1783.077943153035
1940,6173.361642313363
1941,196.81330181517433
1942,4201.278323307382
1943,1170.2063849035871
1944,967.8513267457301
1945,833.4417369057792
1946,2782.7517449028023
1947,3521.506625942137
1948,2016.9068623021035
1949,436.5835676270667
1950,1398.6317533441766
1951,3665.679001209884
1952,4190.591833093034
1953,-24.418400935132922
1954,638.6652720842562
1955,2604.955723489175
1956,4647.573386268001
1957,2661.9448619469363
1958,2150.963186079391
1959,1624.8190102000385
1960,1361.8189909153175
1961,4173.269195940509
1962,2854.856800705184
1963,1688.0846392966446
1964,1351.1821490785228
1965,2977.1009821460607
1966,1435.4509175996777
1967,3110.284773021975
1968,2918.5999564992403
1969,-315.16079154146746
1970,2281.0098929279625
1971,1069.2126823336994
1972,1476.0650432511616
1973,2515.7965939821365
1974,3124.8551090979004
1975,1412.9113126639845
1976,3354.6261595268465
1977,793.7148774041293
1978,2821.6221805983137
1979,3165.556783594601
1980,25.74181430740873
1981,4371.8100374387195
1982,1774.8665563308555
1983,2213.941959590619
1984,2403.6409967542536
1985,2141.5493459420836
1986,1692.0226606098572
1987,1079.9122652648134
1988,1590.4805181696606
1989,4005.1738124698045
1990,684.2175880507102
1991,1650.5707658060105
1992,2972.488406821941
1993,3424.131243703839
1994,2959.299879131581
1995,4175.925848195513
1996,303.44154833620814
1997,950.739736947618
1998,149.95965454884117
1999,3787.1334495707592
2000,2326.1149752405004
2001,3768.287580350571
2002,4041.4069761182523
2003,3694.4533245221787
2004,4240.840169895113
2005,2783.0131321878675
2006,1743.0192698416117
2007,928.8803543282552
2008,3171.091609046917
2009,4289.253165555729
2010,3828.9215421577305
2011,947.6248590133628
2012,2867.2883989157312
2013,571.4945428686774
2014,1535.7551337783302
2015,539.6100519129695
2016,222.05089500996064
2017,1406.660003901136
2018,2611.463717003016
2019,2704.879879796565
2020,2639.6743802903634
2021,3074.5141494098903
2022,2699.756918682046
2023,4737.46195035462
2024,1352.144383953358
2025,-327.84828408417843
2026,2448.4610891391026
2027,2636.5675481691574
2028,3178.748260618148
2029,3817.020500159903
2030,709.3917579024915
2031,289.6703549797735
2032,1090.37061798084
2033,1475.432831353914
2034,1537.8016945037639
2035,2403.9579323514613
2036,6714.672435156337
2037,2804.9120352240266
2038,678.5123126252174
2039,4043.107714763469
2040,4157.776466965222
2041,946.7678335720448
2042,4319.711593587161
2043,411.4628355832897
2044,3606.2599726860212
2045,2265.2717880555833
2046,3279.253566578009
2047,2916.4058699921866
2048,496.46712131891627
2049,546.0182334707629
2050,3949.974703409955
2051,1682.2007712160198
2052,2546.0420635712658
2053,1074.954048312346
2054,372.14101955769
2055,2706.466762762457
2056,3218.1104770719
2057,1990.068906982748
2058,627.9083342996691
2059,3856.7387699186306
2060,418.5666770773396
2061,3670.2342331746936
2062,1739.1870847357109
2063,288.69652222842024
2064,3033.311159994257
2065,3598.9385006758607
2066,2788.8834737130715
2067,3147.920771545008
2068,2590.7834413455635
2069,2768.6563565548354
2070,1651.4745381974358
2071,2050.320893305014
2072,2487.827043158672
2073,1518.9169601847648
2074,3885.821250661647
2075,2365.913878969723
2076,2477.497750469775
2077,2244.332868733009
2078,3603.8341850825495
2079,2626.7000076220816
2080,1398.619087852468
2081,1361.7417119099796
2082,2612.3268043808043
2083,2802.804520752193
2084,2465.200439285067
2085,2696.5472609780204
2086,3792.704141598419
2087,4381.965373694566
2088,2483.046945141869
2089,4869.621239663333
2090,-396.9905415243461
2091,1591.8458147398728
2092,1351.5048077564193
2093,1510.9613744180792
2094,427.67530831339855
2095,1917.8222377705683
2096,1064.7175363487086
2097,1347.3739954562047
2098,5223.358931575089
2099,3884.717191437137
2100,2805.1621007919225
2101,3088.4090895161185
2102,2241.3245399403954
2103,8.325008650914697
2104,1856.4942203726455
2105,1906.8989110318385
2106,1109.8995630415625
2107,655.4810351478886
2108,1970.1443464486288
2109,2948.225301706822
2110,-77.8211178185411
2111,1539.2900069336242
2112,1501.5732720887331
2113,3679.857178405074
2114,1110.7529057441675
2115,421.6849654590337
2116,-281.0414167286349
2117,3911.346170907021
2118,826.0986951145046
2119,1335.5318171278582
2120,1467.7034240726357
2121,454.7995845650862
2122,1661.2991680698601
2123,2909.5441557036397
2124,1217.1029945351006
2125,5188.071808851209
2126,2887.082936303305
2127,4065.807883230235
2128,4097.912537557475
2129,2112.5871593344677
2130,1842.1491767744678
2131,5154.471194565978
2132,1832.8903791724465
2133,1623.9406110520617
2134,1071.8721733649868
2135,680.3342010658448
2136,3098.294091335408
2137,2288.0699498572144
2138,2573.6830501414574
2139,1708.5198231123545
2140,690.2793857997954
2141,530.6937899487389
2142,2524.0602214452724
2143,2194.2403856984215
2144,4265.9058869847595
2145,1982.9926125119596
2146,3688.566635274536
2147,2826.3516973963274
2148,2864.6326706914083
2149,1824.9409153184683
2150,858.10108819575
2151,1773.1226550834413
2152,102.43419936047894
2153,3066.6830309680886
2154,3844.151047654274
2155,1056.9686001659816
2156,1662.3956894561566
2157,2051.123887849463
2158,2156.148613179555
2159,2536.7314953495156
2160,1542.3224944387052
2161,2867.032805003732
2162,599.9473434549459
2163,4890.406037430794
2164,1359.3532493965345
2165,5575.482147734567
2166,934.9241498984284
2167,1865.6299182843654
2168,747.266046775127
2169,2407.315129634057
2170,3039.5863859283495
2171,1653.717965607742
2172,2793.3368345368776
2173,1765.14378928841
2174,3298.927634864304
2175,4636.5679929097005
2176,1816.3250146424612
2177,3612.0167813188505
2178,2954.1288939361307
2179,1409.6016326599497
2180,3266.4796781770096
2181,1980.707895712611
2182,2438.294599815698
2183,1496.2085580101007
2184,3775.853733837234
2185,1854.998688940174
2186,3981.8702513924604
2187,1105.8609187385487
2188,2112.7846930508426
2189,1508.0716173414762
2190,2469.9041853008944
2191,437.0711060685303
2192,1913.9446647738064
2193,1934.0828956015525
2194,378.906085562895
2195,2401.3990324752344
2196,2962.0936686543305
2197,1040.6105177184977
2198,6841.711898877955
2199,3996.8794568884955
2200,3410.177710544906
2201,5969.93932843099
2202,1528.717920342559
2203,2527.778416712896
2204,560.4233970607488
2205,1921.6893519910495
2206,819.3260502251683
2207,2584.374262938511
2208,3971.8942821862806
2209,1785.6213598563577
2210,3962.3225341082248
2211,1889.6923843869577
2212,2688.867841893815
2213,1860.3207806618498
2214,4541.389614941487
2215,555.3497118351379
2216,2291.617109538613
2217,3007.991673820667
2218,2508.1328006331555
2219,2063.3573560802683
2220,1824.8728522875685
2221,2344.625132399849
2222,3680.478240280316
2223,1490.952052749873
2224,4019.06655631892
2225,2301.7796381054873
2226,759.7538663402038
2227,426.36945930712545
2228,2660.3966501735636
2229,2920.4054979223406
2230,872.414868511144
2231,2663.3470260888566
2232,2367.485235159113
2233,1755.532001743119
2234,254.44246158686337
2235,548.55043298398
2236,1415.9387430068905
2237,942.3448440401698
2238,3797.661784187669
2239,-91.87053585008016
2240,870.3213374798656
2241,137.62012855463354
2242,1442.4772410005849
2243,2702.575986161504
2244,4179.46231364027
2245,4206.988174094919
2246,2775.9456845075133
2247,1568.6542282945252
2248,748.2792051442511
2249,3761.014646363096
2250,984.5672079494348
2251,6399.334648909078
2252,2601.5112689080893
2253,2461.9431350247182
2254,2089.843434001172
2255,1727.3459012270282
2256,2778.147235029523
2257,2529.0711616173107
2258,1600.547741442048
2259,1364.1352138147035
2260,1072.6067767176028
2261,975.9177468204839
2262,2022.2154147901588
2263,2423.8388714518373
2264,2773.072844176568
2265,3051.757410018496
2266,924.0097748534176
2267,2516.4243644304265
2268,1335.23231282611
2269,-141.74951347451224
2270,3308.4786937550193
2271,1471.3464797208794
2272,1815.275229257128
2273,504.2447387403422
2274,4086.3068167165306
2275,1635.5924006654645
2276,1907.1364622742954
2277,763.4137539358617
2278,4090.5038837250263
2279,1909.3417533363322
2280,3944.5128052993628
2281,4132.604001118692
2282,1516.608921206674
2283,1500.0122412165879
2284,295.3580875833686
2285,2540.3478668215107
2286,2341.837255014076
2287,825.6075139155319
2288,259.2244337459788
2289,1754.2939297811286
2290,821.1702378626892
2291,437.3112269981016
2292,554.1459552978417
2293,924.6560530970687
2294,2568.1700315308194
2295,3552.7695828360706
2296,0.8205801813151083
2297,1566.2546303101121
2298,1714.4946158718908
2299,2297.385537827086
2300,1657.946218773483
2301,5573.8347864974585
2302,1534.8342104110347
2303,3550.4234293608747
2304,2709.3240944132135
2305,3696.3072534837224
2306,1897.9105928598542
2307,1165.7669623414554
2308,4263.101514719947
2309,3006.6720133056883
2310,2480.552477587448
2311,2247.3510579514273
2312,3810.837584580752
2313,1831.5263090474214
2314,2958.252044846921
2315,3302.244400481363
2316,2106.569564019041
2317,2252.744581885135
2318,804.1180914653833
2319,3645.334271173146
2320,2565.27083995724
2321,2313.837214352667
2322,4021.037835841365
2323,1727.8382036500047
2324,1743.8423331455365
2325,790.4519742648149
2326,3221.373602471908
2327,1954.9761576785963
2328,3300.6001566988675
2329,6624.681208755324
2330,1281.3202612271784
2331,3765.7200651438966
2332,707.1884242951996
2333,1158.607115337128
2334,1259.230611025549
2335,549.5095864442624
2336,590.6949611969717
2337,802.9368098901305
2338,2309.250764614147
2339,3312.1567128689217
2340,2225.3983033127693
2341,1459.0111586635035
2342,3958.6518586735606
2343,1209.4384353812734
2344,2705.963233931611
2345,680.2823840579276
2346,2376.446861199542
2347,3706.780830197878
2348,1174.1693624102359
2349,3627.6175782904243
2350,3782.825216409776
2351,4464.119530119506
2352,14.20010680578389
2353,1123.8687436574032
2354,2503.5303058543836
2355,2197.8538131521877
2356,5740.6559582608825
2357,1689.10299626381
2358,294.99612940473617
2359,696.0090617972396
2360,2775.9911340157473
2361,2590.929344506049
2362,3740.292475107251
2363,3351.7286341787553
2364,2615.7474741448636
2365,416.5929601444268
2366,914.9991928555269
2367,1120.7669143782437
2368,1848.2962784821343
2369,2575.5376469407097
2370,1994.624036038233
2371,407.1676676998868
2372,1489.205417629168
2373,2272.240461446399
2374,1410.0685279763534
2375,1379.2053611418373
2376,3483.162579932748
2377,2718.81673648635
2378,1872.5075124286482
2379,3444.902166542491
2380,3644.437111771565
2381,3783.0134676575613
2382,2152.2976634602705
2383,4405.256790622423
2384,498.64418837052335
2385,1356.154260956991
2386,1169.9016760333175
2387,1507.0923323818383
2388,2433.515444254763
2389,1601.2582144111643
2390,550.4182635041157
2391,1890.6320139828053
2392,1573.5648536945887
2393,1123.4471317226512
2394,1532.7478298541705
2395,2483.1185466264783
2396,2104.812845181616
2397,687.2858018405382
2398,1858.9031628023226
2399,366.7696470202786
2400,465.6593971119314
2401,1586.8506149851041
2402,2189.1787751587685
2403,3011.45774172719
2404,-170.8720053078896
2405,235.49824925728353
2406,1109.4982209397672
2407,2181.902019370817
2408,3554.11367805535
2409,3816.714901213098
2410,4110.512881405768
2411,2640.5544420802103
2412,3123.8435914475617
2413,1401.1161178374227
2414,1690.899173330989
2415,2975.2475600983594
2416,1373.5782760690167
2417,1434.2222469152161
2418,513.2766901361169
2419,3160.340794847268
2420,1903.155088573994
2421,3250.4112687059774
2422,893.9562830758882
2423,3178.0247378163845
2424,2942.091793389331
2425,2372.0096689293773
2426,2568.76497494329
2427,651.6763206883711
2428,2948.4870074335054
2429,2846.192069768113
2430,2721.884545996629
2431,1035.2477532533785
2432,94.0776765408882
2433,2341.014160067705
2434,2491.715752200998
2435,5091.370381215156
2436,1012.5883633052504
2437,1655.1082927479442
2438,2089.7903122076436
2439,1754.2080136545678
2440,2695.9110241403237
2441,1410.3073315595661
2442,-405.8136547694771
2443,2487.067846601701
2444,3179.395714549482
2445,272.9555467693831
2446,899.855196391854
2447,4070.1203070402394
2448,1844.4668966370723
2449,975.0602497333898
2450,1939.4874109665484
2451,4092.8050959984134
2452,2345.042145222957
2453,3114.1903512920476
2454,500.05689871997174
2455,2422.20813148139
2456,2000.9211004146723
2457,1532.5462102317383
2458,1158.9784442126688
2459,1758.252672360743
2460,2597.4278505592324
2461,3126.9984030357396
2462,1264.8525859326614
2463,904.8768142215326
2464,2524.1253685444613
2465,3480.423495194527
2466,898.8099424341758
2467,2750.0255325911808
2468,1322.7513707721923
2469,882.0803103355611
2470,2377.574407443976
2471,2718.2418750710826
2472,4775.465138603879
2473,471.5034537083184
2474,1817.8547392798805
2475,1355.8843905346043
2476,1639.5733458776563
2477,2930.3060844635843
2478,1943.4651988203827
2479,1444.5247477796552
2480,482.1929304393793
2481,1143.4515832188995
2482,1918.4180063106264
2483,2488.474129245637
2484,1918.052705008849
2485,4939.7750764556295
2486,-254.71952088536864
2487,4302.236907622635
2488,4804.8365537723985
2489,1178.768669810002
2490,562.2074133317869
2491,3952.2003825259712
2492,1925.3002753860223
2493,2940.47854875844
2494,1807.1654031968978
2495,2526.781016047264
2496,2893.826978008738
2497,2355.766170879119
2498,1892.724032693885
2499,1653.1335579001511
2500,2036.8173501944025
2501,1666.8540581979382
2502,3221.9106679314523
2503,1943.9835295667913
2504,2980.017615420637
2505,3528.700708305151
2506,4521.103301025858
2507,1680.5193337321057
2508,3050.631934533229
2509,497.6691475806592
2510,3455.7858167927093
2511,4656.332478527893
2512,2629.517543492823
2513,1654.9753782937728
2514,1096.1446815925797
2515,2566.469091115358
2516,665.0402687589899
2517,3009.29512536061
2518,3125.821609728179
2519,1768.0098246051643
2520,1437.3982648745591
2521,1526.5790042736448
2522,1402.1342470049872
